po_number,po_line_number,vendor_id,vendor_name,vendor_contact,beacon_pn,vendor_pn,description,qty_ordered,qty_confirmed,qty_variance,po_unit_price,po_currency_assumed,confirmed_unit_price_raw,confirmed_currency,fx_rate_used,confirmed_price_usd,unit_price_difference,unit_price_difference_pct,price_impact_on_order,price_stated,required_date,commitment_date_type,promise_start,promise_end,promise_raw,projected_full_qty_promise_date,days_late,minimum_late_days,maximum_late_days,match_method,match_confidence,match_explanation,source_file,source_document_number,document_date,document_status,document_type,source_sha256,issue_codes,severity,suggested_action,extra_source_files,schedule_details,is_actionable,unknown_po,extraction_warnings
PO-4500050001,2.0,V001,Apex Bar & Tube Co.,orders@apexbar.com,BAR-A286-250,,"A286 bar stock, 0.250 dia, mill-cert",1500,,,4.71,USD,,,,,,,,False,2026-06-10,,,,,,,,,,,,/workspace/data/confirmations/apex_02.pdf,APX-552544,2026-05-17,ACTIVE,ACKNOWLEDGEMENT,,MISSING_PO_LINE,RED,"Ask Apex Bar & Tube Co. to confirm PO-4500050001 line 2, BAR-A286-250, qty 1,500, required 2026-06-10.",[],[],True,False,[]
PO-4500050007,1.0,V001,Apex Bar & Tube Co.,orders@apexbar.com,BAR-A286-250,BAR-A286-250,"A286 bar stock, 0.250 dia, mill-cert",1500,1425.0,-75.0,4.71,USD,4.71,USD,1.0,4.710000,0.000000,0.0000,0.00,True,2026-06-15,PROMISE_DATE,2026-06-15,2026-06-15,06/15/2026,,0.0,0.0,0.0,EXACT_CUSTOMER_PN,0.99,Customer PN BAR-A286-250 matches Beacon BAR-A286-250,/workspace/data/confirmations/apex_03.pdf,APX-978346,2026-05-15,ACTIVE,ACKNOWLEDGEMENT,1e36a3bb8230e964e45dcd5a4ba2635907c61b7e276d271e844082333f60f939,QTY_SHORT,RED,Resolve 75-unit short confirmation on PO-4500050007 line 1 (BAR-A286-250) before release.,['/workspace/data/confirmations/apex_03.pdf'],['1425.0 on 06/15/2026 [apex_03.pdf]'],True,False,[]
PO-4500050032,1.0,V006,QuickShip Industrial,orders@quickship-ind.com,MISC-WAS-A25,,"Washer, A286, 0.25",500,,,0.06,USD,,,,,,,,False,2026-05-18,,,,,,,,,,,,/workspace/data/confirmations/quickship_03.pdf,,,INFORMATIONAL,INVOICE,,NO_FORMAL_ACK_FOUND;INVOICE_NOT_ACK,RED,No formal acknowledgment found for PO-4500050032 line 1. Request an order confirmation (the invoice/shipping notice is not sufficient).,[],[],True,False,[]
PO-4500050032,2.0,V006,QuickShip Industrial,orders@quickship-ind.com,MISC-SPR-001,,"Spring, comp, 0.250 OD",1000,,,0.18,USD,,,,,,,,False,2026-05-18,,,,,,,,,,,,/workspace/data/confirmations/quickship_03.pdf,,,INFORMATIONAL,INVOICE,,NO_FORMAL_ACK_FOUND;INVOICE_NOT_ACK,RED,No formal acknowledgment found for PO-4500050032 line 2. Request an order confirmation (the invoice/shipping notice is not sufficient).,[],[],True,False,[]
PO-4500060619,,,APEX BAR & TUBE CO.,orders@apexbar.com,,,"A286 bar stock, 0.250 dia, mill-cert",,1000.0,,,,,,,,,,,False,,,,,,,,,,,,,/workspace/data/confirmations/apex_rogue.pdf,APX-334543,2026-05-15,ACTIVE,ACKNOWLEDGEMENT,666ddb95cb5e914ef2b86fe60167361e27a4c8e45ecb7ffdab26c51102afa1ce,UNKNOWN_PO,RED,Verify whether this acknowledgment belongs to Beacon and whether PO number PO-4500060619 is correct.,[],[],True,True,[]
PO-4500050002,1.0,V001,Apex Bar & Tube Co.,orders@apexbar.com,BAR-CRES-250,BAR-CRES-250,"CRES 17-4 PH bar stock, 0.250 dia",1000,1000.0,0.0,3.92,USD,4.0102,USD,1.0,4.010200,0.090200,0.02301020408163265306122448980,90.20,True,2026-05-21,PROMISE_DATE,2026-05-21,2026-05-21,05/21/2026,2026-05-21,0.0,0.0,0.0,EXACT_CUSTOMER_PN,0.99,Customer PN BAR-CRES-250 matches Beacon BAR-CRES-250,/workspace/data/confirmations/apex_05.pdf,APX-389235,2026-05-17,ACTIVE,ACKNOWLEDGEMENT,527671baf80dcdf5ef4a5b83f699db23a6dfd6e2f6de7e3aa0c51be301ec1d9a,PRICE_HIGH,RED,Confirm acceptance of $0.0902/unit increase (~2.30%) on PO-4500050002 line 1.,['/workspace/data/confirmations/apex_05.pdf'],['1000.0 on 05/21/2026 [apex_05.pdf]'],True,False,[]
PO-4500050022,1.0,V004,Continental Quality Heat Treat,info@continentalqht.com,HT-PRECIP,,"Precipitation heat treat A286, per lb",500,500.0,0.0,2.4,USD,,,,,,,,False,2026-05-21,PROMISE_DATE,2026-06-11,2026-06-11,06/11/2026,2026-06-11,21.0,21.0,21.0,SINGLE_REMAINING_LINE,0.6,Only one unmatched confirmation line and one unmatched PO line remain,/workspace/data/confirmations/continental_01.pdf,,2026-05-14,ACTIVE,ACKNOWLEDGEMENT,171acbfe62b4069c43d9e805fbba55372b3b67c896ae88a63a14bdca89c8d4f7,PRICE_NOT_STATED;PROMISE_LATE,RED,Ask Continental Quality Heat Treat whether required date 2026-05-21 can be recovered; current promise is 21 days late.,['/workspace/data/confirmations/continental_01.pdf'],['500.0 on 06/11/2026 [continental_01.pdf]'],True,False,[]
PO-4500050012,1.0,V002,Heritage Cold Heading,sales@heritagecoldheading.com,CHB-9472-4,APH-441-OS,Cold-headed blank for HX-9472-4,15000,15000.0,0.0,0.86,USD,0.8600,USD,1.0,0.860000,0.000000,0.0000,0.00,True,2026-06-04,PROMISE_DATE,2026-06-18,2026-06-18,06/18/2026,2026-06-18,14.0,14.0,14.0,RULE_BASED,0.8,"Rule-based: price matches, quantity matches, line number matches",/workspace/data/confirmations/heritage_06.pdf,HCH-74805,2026-05-11,ACTIVE,ACKNOWLEDGEMENT,33d82e21944ffa90ab0c9b41b17b5098275999afa444c852eab265c06382a2d9,PROMISE_LATE,RED,Ask Heritage Cold Heading whether required date 2026-06-04 can be recovered; current promise is 14 days late.,['/workspace/data/confirmations/heritage_06.pdf'],['15000.0 on 06/18/2026 [heritage_06.pdf]'],True,False,[]
PO-4500050016,1.0,V003,Liberty Surface Finishing,service@libertysurface.com,PLAT-PASV,,"Passivation per AMS 2700, per piece",2500,2500.0,0.0,0.08,USD,,,,,,,,False,2026-05-17,PROMISE_DATE,2026-05-17,2026-05-24,05/17/2026,2026-05-24,7.0,7.0,7.0,SINGLE_REMAINING_LINE,0.55,Only one unmatched confirmation line and one unmatched PO line remain,/workspace/data/confirmations/liberty_01.pdf,LIB-PO-8573,2026-05-16,ACTIVE,ACKNOWLEDGEMENT,064f140583b689a834aec6b5ebaf17dde3a3a0f191f62f7afe9da9f9f62d61e3,PRICE_NOT_STATED;PROMISE_LATE,RED,Ask Liberty Surface Finishing whether required date 2026-05-17 can be recovered; current promise is 7 days late.,"['/workspace/data/confirmations/liberty_01.pdf', '/workspace/data/confirmations/liberty_02.pdf']","['1500.0 on 05/17/2026 [liberty_01.pdf]', '1000.0 on 05/24/2026 [liberty_02.pdf]']",True,False,[]
PO-4500050019,1.0,V003,Liberty Surface Finishing,service@libertysurface.com,PLAT-PASV,,"Passivation per AMS 2700, per piece",25000,,,0.08,USD,,,,,,,,False,2026-05-24,,,,,,,,,,,,/workspace/data/confirmations/liberty_03.pdf,LIB-PO-9821,2026-05-11,ACTIVE,RECEIPT_ONLY,,PROMISE_MISSING,RED,Request committed quantity and promise date for PO-4500050019 line 1 (PLAT-PASV).,[],[],True,False,[]
PO-4500050027,1.0,V005,Ostmark Werkzeug GmbH,vertrieb@ostmark-wzg.de,TOOL-DIE-9472,TOOL-DIE-9472,"Heading die set, 9472 profile",25,25.0,0.0,1240.0,USD,1140.8000,EUR,1.0902,1243.700160,3.700160,0.002984,92.50,True,2026-05-15,DELIVERY_WINDOW,2026-05-11,2026-05-31,KW 20-22 / 2026,2026-05-31,,0.0,16.0,EXACT_VENDOR_PN_TO_BEACON_PN,0.9,Vendor PN TOOL-DIE-9472 equals Beacon PN on this PO,/workspace/data/confirmations/ostmark_01.pdf,OST-220844,2026-05-01,ACTIVE,ACKNOWLEDGEMENT,7824420c31844e4326be1ecc72858f52eb5f8eb2cc1120a305c4b9d2b615c4ad,PROMISE_WINDOW_STRADDLES_REQUIRED,YELLOW,Delivery window for PO-4500050027 line 1 straddles required date 2026-05-15. Ask Ostmark Werkzeug GmbH to commit a date on or before 2026-05-15.,['/workspace/data/confirmations/ostmark_01.pdf'],['25.0 on KW 20-22 / 2026 [ostmark_01.pdf]'],True,False,[]
PO-4500050029,1.0,V005,Ostmark Werkzeug GmbH,vertrieb@ostmark-wzg.de,TOOL-DIE-9472,TOOL-DIE-9472,"Heading die set, 9472 profile",5,5.0,0.0,1240.0,USD,1140.8000,EUR,1.0902,1243.700160,3.700160,0.002984,18.50,True,2026-06-08,SHIP_DATE,2026-06-08,2026-06-08,08.06.2026,2026-06-08,0.0,0.0,0.0,EXACT_VENDOR_PN_TO_BEACON_PN,0.9,Vendor PN TOOL-DIE-9472 equals Beacon PN on this PO,/workspace/data/confirmations/ostmark_02.pdf,OST-224427,2026-05-07,ACTIVE,ACKNOWLEDGEMENT,7dbe09998647f2ef9c8ab11a26ae13cd3d7159d9e8cf5a1a72a89b30af82f678,DATE_SEMANTICS_WARNING,YELLOW,Ostmark Werkzeug GmbH stated a ship date (not a Beacon receipt/promise date) on PO-4500050029. Confirm whether the ship date will still meet the required date at Beacon.,['/workspace/data/confirmations/ostmark_02.pdf'],['5.0 on 08.06.2026 [ostmark_02.pdf]'],True,False,[]
PO-4500050029,2.0,V005,Ostmark Werkzeug GmbH,vertrieb@ostmark-wzg.de,TOOL-INS-CAR,OST-CAR-A-100,"Carbide threading insert, A-series",250,250.0,0.0,18.2,USD,16.7440,EUR,1.0902,18.254309,0.054309,0.002984010989010989010989010989,13.58,True,2026-06-08,SHIP_DATE,2026-06-08,2026-06-08,08.06.2026,2026-06-08,0.0,0.0,0.0,RULE_BASED,0.8,"Rule-based: price matches, quantity matches, line number matches",/workspace/data/confirmations/ostmark_02.pdf,OST-224427,2026-05-07,ACTIVE,ACKNOWLEDGEMENT,7dbe09998647f2ef9c8ab11a26ae13cd3d7159d9e8cf5a1a72a89b30af82f678,DATE_SEMANTICS_WARNING,YELLOW,Ostmark Werkzeug GmbH stated a ship date (not a Beacon receipt/promise date) on PO-4500050029. Confirm whether the ship date will still meet the required date at Beacon.,['/workspace/data/confirmations/ostmark_02.pdf'],['250.0 on 08.06.2026 [ostmark_02.pdf]'],True,False,[]
PO-4500050027,2.0,V005,Ostmark Werkzeug GmbH,vertrieb@ostmark-wzg.de,TOOL-INS-CAR,OST-CAR-A-100,"Carbide threading insert, A-series",50,50.0,0.0,18.2,USD,16.7440,EUR,1.0902,18.254309,0.054309,0.002984010989010989010989010989,2.72,True,2026-05-15,DELIVERY_WINDOW,2026-05-11,2026-05-31,KW 20-22 / 2026,2026-05-31,,0.0,16.0,RULE_BASED,0.8,"Rule-based: price matches, quantity matches, line number matches",/workspace/data/confirmations/ostmark_01.pdf,OST-220844,2026-05-01,ACTIVE,ACKNOWLEDGEMENT,7824420c31844e4326be1ecc72858f52eb5f8eb2cc1120a305c4b9d2b615c4ad,PROMISE_WINDOW_STRADDLES_REQUIRED,YELLOW,Delivery window for PO-4500050027 line 2 straddles required date 2026-05-15. Ask Ostmark Werkzeug GmbH to commit a date on or before 2026-05-15.,['/workspace/data/confirmations/ostmark_01.pdf'],['50.0 on KW 20-22 / 2026 [ostmark_01.pdf]'],True,False,[]
PO-4500050028,1.0,V005,Ostmark Werkzeug GmbH,vertrieb@ostmark-wzg.de,TOOL-DIE-9472,TOOL-DIE-9472,"Heading die set, 9472 profile",5,5.0,0.0,1240.0,USD,1140.8000,EUR,1.0874,1240.505920,0.505920,0.000408,2.53,True,2026-06-13,SHIP_DATE,2026-06-13,2026-06-13,13.06.2026,2026-06-13,0.0,0.0,0.0,EXACT_VENDOR_PN_TO_BEACON_PN,0.9,Vendor PN TOOL-DIE-9472 equals Beacon PN on this PO,/workspace/data/confirmations/ostmark_04.pdf,OST-226935,2026-04-30,ACTIVE,ACKNOWLEDGEMENT,af20c417f7de7093647785d66d466f590ef7f5b40cde54f32d17cdc079d390a2,DATE_SEMANTICS_WARNING,YELLOW,Ostmark Werkzeug GmbH stated a ship date (not a Beacon receipt/promise date) on PO-4500050028. Confirm whether the ship date will still meet the required date at Beacon.,['/workspace/data/confirmations/ostmark_04.pdf'],['5.0 on 13.06.2026 [ostmark_04.pdf]'],True,False,[]
PO-4500050026,1.0,V005,Ostmark Werkzeug GmbH,vertrieb@ostmark-wzg.de,TOOL-INS-CAR,OST-CAR-A-100,"Carbide threading insert, A-series",250,250.0,0.0,18.2,USD,16.7440,EUR,1.0874,18.207426,0.007426,0.0004080219780219780219780219780,1.86,True,2026-07-02,SHIP_DATE,2026-07-02,2026-07-02,02.07.2026,2026-07-02,0.0,0.0,0.0,RULE_BASED,0.8,"Rule-based: price matches, quantity matches, line number matches",/workspace/data/confirmations/ostmark_03.pdf,OST-229377,2026-04-30,ACTIVE,ACKNOWLEDGEMENT,9e089392ebf24fe305ea2619565a08c9b0357f91333928fa64b7cb8a0eba8e71,DATE_SEMANTICS_WARNING,YELLOW,Ostmark Werkzeug GmbH stated a ship date (not a Beacon receipt/promise date) on PO-4500050026. Confirm whether the ship date will still meet the required date at Beacon.,['/workspace/data/confirmations/ostmark_03.pdf'],['250.0 on 02.07.2026 [ostmark_03.pdf]'],True,False,[]
PO-4500050030,1.0,V006,QuickShip Industrial,orders@quickship-ind.com,MISC-SPR-001,MISC-SPR-001,"Spring, comp, 0.250 OD",500,500.0,0.0,0.18,USD,0.1800,USD,1.0,0.180000,0.000000,0.0000,0.00,True,2026-05-21,SHIP_DATE,2026-05-21,2026-05-21,ship 05/21/2026,2026-05-21,0.0,0.0,0.0,EXACT_CUSTOMER_PN,0.99,Customer PN MISC-SPR-001 matches Beacon MISC-SPR-001,/workspace/data/confirmations/quickship_02.pdf,,2026-05-11,ACTIVE,REVISION,8c7d47657ef51cc72881b0e6da2e46915e391fed73b13f88e38c1a22ab11d8a3,DOCUMENT_REVISION;DOCUMENT_SUPERSEDED;DATE_SEMANTICS_WARNING,YELLOW,QuickShip Industrial stated a ship date (not a Beacon receipt/promise date) on PO-4500050030. Confirm whether the ship date will still meet the required date at Beacon.,['/workspace/data/confirmations/quickship_02.pdf'],['500.0 on ship 05/21/2026 [quickship_02.pdf]'],True,False,[]
PO-4500050031,1.0,V006,QuickShip Industrial,orders@quickship-ind.com,MISC-WAS-A25,MISC-WAS-A25,"Washer, A286, 0.25",500,500.0,0.0,0.06,USD,0.0600,USD,1.0,0.060000,0.000000,0.0000,0.00,True,2026-05-15,SHIP_DATE,2026-05-15,2026-05-15,ship 05/15/2026,2026-05-15,0.0,0.0,0.0,EXACT_VENDOR_PN_TO_BEACON_PN,0.9,Vendor PN MISC-WAS-A25 equals Beacon PN on this PO,/workspace/data/confirmations/quickship_04.pdf,,2026-05-10,ACTIVE,ACKNOWLEDGEMENT,013b7d72a0f657d8717278ddb2d64e44d42671fecfe2db20c445fbcb01b3efb0,DATE_SEMANTICS_WARNING,YELLOW,QuickShip Industrial stated a ship date (not a Beacon receipt/promise date) on PO-4500050031. Confirm whether the ship date will still meet the required date at Beacon.,['/workspace/data/confirmations/quickship_04.pdf'],['500.0 on ship 05/15/2026 [quickship_04.pdf]'],True,False,[]
PO-4500050017,1.0,V003,Liberty Surface Finishing,service@libertysurface.com,PLAT-CAD,,"Cadmium plating per QQ-P-416, per piece",2500,2500.0,0.0,0.11,USD,,,,,,,,False,2026-05-28,PROMISE_DATE,2026-05-28,2026-05-28,05/28/2026,2026-05-28,0.0,0.0,0.0,SINGLE_REMAINING_LINE,0.6,Only one unmatched confirmation line and one unmatched PO line remain,/workspace/data/confirmations/liberty_04.pdf,LIB-PO-9182,2026-05-15,ACTIVE,ACKNOWLEDGEMENT,e091bfef23ea2e80ac42f81140db94f59dd1e6d89c8833aea26ebb71cac4221f,PRICE_NOT_STATED,INFO,Confirmation for PO-4500050017 line 1 omits price; do not treat this as price acceptance.,['/workspace/data/confirmations/liberty_04.pdf'],['2500.0 on 05/28/2026 [liberty_04.pdf]'],False,False,[]
PO-4500050018,1.0,V003,Liberty Surface Finishing,service@libertysurface.com,PLAT-CAD,,"Cadmium plating per QQ-P-416, per piece",2500,2500.0,0.0,0.11,USD,,,,,,,,False,2026-05-19,PROMISE_DATE,2026-05-19,2026-05-19,05/19/2026,2026-05-19,0.0,0.0,0.0,SINGLE_REMAINING_LINE,0.6,Only one unmatched confirmation line and one unmatched PO line remain,/workspace/data/confirmations/liberty_06.pdf,LIB-PO-9157,2026-05-14,ACTIVE,ACKNOWLEDGEMENT,57987fd5631ab57f4426c090243cf61e14feec00bb937a287aba0b556516543c,PRICE_NOT_STATED,INFO,Confirmation for PO-4500050018 line 1 omits price; do not treat this as price acceptance.,['/workspace/data/confirmations/liberty_06.pdf'],['2500.0 on 05/19/2026 [liberty_06.pdf]'],False,False,[]
PO-4500050020,1.0,V003,Liberty Surface Finishing,service@libertysurface.com,PLAT-CAD,,"Cadmium plating per QQ-P-416, per piece",10000,10000.0,0.0,0.11,USD,,,,,,,,False,2026-05-17,PROMISE_DATE,2026-05-17,2026-05-17,05/17/2026,2026-05-17,0.0,0.0,0.0,SINGLE_REMAINING_LINE,0.6,Only one unmatched confirmation line and one unmatched PO line remain,/workspace/data/confirmations/liberty_07.pdf,LIB-PO-9815,2026-05-14,ACTIVE,ACKNOWLEDGEMENT,cb089f26bc542787e917fa92146e8b4055c5609078de3274a1d7ab2a303d4a20,PRICE_NOT_STATED,INFO,Confirmation for PO-4500050020 line 1 omits price; do not treat this as price acceptance.,['/workspace/data/confirmations/liberty_07.pdf'],['10000.0 on 05/17/2026 [liberty_07.pdf]'],False,False,[]
PO-4500050021,1.0,V003,Liberty Surface Finishing,service@libertysurface.com,PLAT-PASV,,"Passivation per AMS 2700, per piece",2500,2500.0,0.0,0.08,USD,,,,,,,,False,2026-05-13,PROMISE_DATE,2026-05-13,2026-05-13,05/13/2026,2026-05-13,0.0,0.0,0.0,SINGLE_REMAINING_LINE,0.6,Only one unmatched confirmation line and one unmatched PO line remain,/workspace/data/confirmations/liberty_05.pdf,LIB-PO-9126,2026-05-10,ACTIVE,ACKNOWLEDGEMENT,e8a55dd92b824eea4a76e60e7d113a054b09e0d6ea981c9a38a50dd9c8d6506b,PRICE_NOT_STATED,INFO,Confirmation for PO-4500050021 line 1 omits price; do not treat this as price acceptance.,['/workspace/data/confirmations/liberty_05.pdf'],['2500.0 on 05/13/2026 [liberty_05.pdf]'],False,False,[]
PO-4500050023,1.0,V004,Continental Quality Heat Treat,info@continentalqht.com,HT-PRECIP,,"Precipitation heat treat A286, per lb",750,750.0,0.0,2.4,USD,,,,,,,,False,2026-05-23,PROMISE_DATE,2026-05-23,2026-05-23,05/23/2026,2026-05-23,0.0,0.0,0.0,SINGLE_REMAINING_LINE,0.6,Only one unmatched confirmation line and one unmatched PO line remain,/workspace/data/confirmations/continental_04.pdf,CQH-42657,2026-05-12,ACTIVE,ACKNOWLEDGEMENT,0335b5f9c32c6e64cf6f76776363d0210c18b86aa913a0e8c4481ff29fa54f1b,PRICE_NOT_STATED,INFO,Confirmation for PO-4500050023 line 1 omits price; do not treat this as price acceptance.,['/workspace/data/confirmations/continental_04.pdf'],['750.0 on 05/23/2026 [continental_04.pdf]'],False,False,[]
PO-4500050024,1.0,V004,Continental Quality Heat Treat,info@continentalqht.com,HT-SOLN,,"Solution treat + age, per lb",350,350.0,0.0,3.1,USD,,,,,,,,False,2026-05-09,PROMISE_DATE,2026-05-09,2026-05-09,05/09/2026,2026-05-09,0.0,0.0,0.0,SINGLE_REMAINING_LINE,0.6,Only one unmatched confirmation line and one unmatched PO line remain,/workspace/data/confirmations/continental_03.pdf,CQH-40704,2026-05-16,ACTIVE,ACKNOWLEDGEMENT,ce09a43a057d2d5c15e33956cae750da812db76053d6e596dc61d809feb89ec3,PRICE_NOT_STATED,INFO,Confirmation for PO-4500050024 line 1 omits price; do not treat this as price acceptance.,['/workspace/data/confirmations/continental_03.pdf'],['350.0 on 05/09/2026 [continental_03.pdf]'],False,False,[]
PO-4500050025,1.0,V004,Continental Quality Heat Treat,info@continentalqht.com,HT-SOLN,,"Solution treat + age, per lb",350,350.0,0.0,3.1,USD,,,,,,,,False,2026-05-07,PROMISE_DATE,2026-05-07,2026-05-07,05/07/2026,2026-05-07,0.0,0.0,0.0,SINGLE_REMAINING_LINE,0.6,Only one unmatched confirmation line and one unmatched PO line remain,/workspace/data/confirmations/continental_02.pdf,,2026-05-14,ACTIVE,ACKNOWLEDGEMENT,bccc160e1d7a3b9d6f503a3edc058aefb1794e72ca9bf5d0b961ba62e14b60e0,PRICE_NOT_STATED,INFO,Confirmation for PO-4500050025 line 1 omits price; do not treat this as price acceptance.,['/workspace/data/confirmations/continental_02.pdf'],['350.0 on 05/07/2026 [continental_02.pdf]'],False,False,[]
PO-4500050001,1.0,V001,Apex Bar & Tube Co.,orders@apexbar.com,BAR-A286-375,BAR-A286-375,"A286 bar stock, 0.375 dia, mill-cert",2500,2500.0,0.0,7.84,USD,7.8400,USD,1.0,7.840000,0.000000,0.0000,0.00,True,2026-06-10,PROMISE_DATE,2026-06-10,2026-06-10,06/10/2026,2026-06-10,0.0,0.0,0.0,EXACT_CUSTOMER_PN,0.99,Customer PN BAR-A286-375 matches Beacon BAR-A286-375,/workspace/data/confirmations/apex_02.pdf,APX-552544,2026-05-17,ACTIVE,ACKNOWLEDGEMENT,d41e5965ac0dccdfb447e43d83a6d91b3d3785704c528ec30be4d259683c5667,,GREEN,Review PO-4500050001 line 1 with Apex Bar & Tube Co..,['/workspace/data/confirmations/apex_02.pdf'],['2500.0 on 06/10/2026 [apex_02.pdf]'],False,False,[]
PO-4500050003,1.0,V001,Apex Bar & Tube Co.,orders@apexbar.com,BAR-CRES-250,BAR-CRES-250,"CRES 17-4 PH bar stock, 0.250 dia",1500,1500.0,0.0,3.92,USD,3.92,USD,1.0,3.920000,0.000000,0.0000,0.00,True,2026-05-30,PROMISE_DATE,2026-05-30,2026-05-30,05/30/2026,2026-05-30,0.0,0.0,0.0,EXACT_CUSTOMER_PN,0.99,Customer PN BAR-CRES-250 matches Beacon BAR-CRES-250,/workspace/data/confirmations/apex_07.pdf,APX-932684,2026-05-16,ACTIVE,ACKNOWLEDGEMENT,3a93a05eccfb126302790eec9d5afccdd7fee5f05c8c6b3e21091182d4a88725,,GREEN,Review PO-4500050003 line 1 with Apex Bar & Tube Co..,['/workspace/data/confirmations/apex_07.pdf'],['1500.0 on 05/30/2026 [apex_07.pdf]'],False,False,[]
PO-4500050004,1.0,V001,Apex Bar & Tube Co.,orders@apexbar.com,BAR-A286-250,BAR-A286-250,"A286 bar stock, 0.250 dia, mill-cert",200,200.0,0.0,4.71,USD,4.7100,USD,1.0,4.710000,0.000000,0.0000,0.00,True,2026-05-21,PROMISE_DATE,2026-05-21,2026-05-21,05/21/2026,2026-05-21,0.0,0.0,0.0,EXACT_CUSTOMER_PN,0.99,Customer PN BAR-A286-250 matches Beacon BAR-A286-250,/workspace/data/confirmations/apex_01.pdf,APX-408970,2026-05-06,ACTIVE,ACKNOWLEDGEMENT,a2b124191abb501939df7f3b461e8bcf35f2669ae7472fc8a7ce4eb3e469b855,,GREEN,Review PO-4500050004 line 1 with Apex Bar & Tube Co..,['/workspace/data/confirmations/apex_01.pdf'],['200.0 on 05/21/2026 [apex_01.pdf]'],False,False,[]
PO-4500050005,1.0,V001,Apex Bar & Tube Co.,orders@apexbar.com,BAR-A286-250,BAR-A286-250,"A286 bar stock, 0.250 dia, mill-cert",1500,1500.0,0.0,4.71,USD,4.7100,USD,1.0,4.710000,0.000000,0.0000,0.00,True,2026-06-09,PROMISE_DATE,2026-06-09,2026-06-09,06/09/2026,2026-06-09,0.0,0.0,0.0,EXACT_CUSTOMER_PN,0.99,Customer PN BAR-A286-250 matches Beacon BAR-A286-250,/workspace/data/confirmations/apex_08.pdf,APX-945201,2026-05-05,ACTIVE,ACKNOWLEDGEMENT,498d9e57c2481d4a18b3638db59744357d1578abfe7ecc7392a4b74698aeeada,,GREEN,Review PO-4500050005 line 1 with Apex Bar & Tube Co..,['/workspace/data/confirmations/apex_08.pdf'],['1500.0 on 06/09/2026 [apex_08.pdf]'],False,False,[]
PO-4500050006,1.0,V001,Apex Bar & Tube Co.,orders@apexbar.com,BAR-A286-375,BAR-A286-375,"A286 bar stock, 0.375 dia, mill-cert",5000,5000.0,0.0,7.84,USD,7.8400,USD,1.0,7.840000,0.000000,0.0000,0.00,True,2026-06-14,PROMISE_DATE,2026-06-14,2026-06-14,06/14/2026,2026-06-14,0.0,0.0,0.0,EXACT_CUSTOMER_PN,0.99,Customer PN BAR-A286-375 matches Beacon BAR-A286-375,/workspace/data/confirmations/apex_06.pdf,APX-253836,2026-05-04,ACTIVE,ACKNOWLEDGEMENT,78e12caee3d0db3c45e9084ce6baafd21f30cba363eb64cfb38702993f29923c,,GREEN,Review PO-4500050006 line 1 with Apex Bar & Tube Co..,['/workspace/data/confirmations/apex_06.pdf'],['5000.0 on 06/14/2026 [apex_06.pdf]'],False,False,[]
PO-4500050008,1.0,V001,Apex Bar & Tube Co.,orders@apexbar.com,BAR-A286-250,BAR-A286-250,"A286 bar stock, 0.250 dia, mill-cert",1000,1000.0,0.0,4.71,USD,4.7100,USD,1.0,4.710000,0.000000,0.0000,0.00,True,2026-05-28,PROMISE_DATE,2026-05-28,2026-05-28,05/28/2026,2026-05-28,0.0,0.0,0.0,EXACT_CUSTOMER_PN,0.99,Customer PN BAR-A286-250 matches Beacon BAR-A286-250,/workspace/data/confirmations/apex_04.pdf,APX-737955,2026-05-07,ACTIVE,ACKNOWLEDGEMENT,b109ebc6b485ea45c1042bde20d13cf55959dcf0e1471b15de3c421e83a22c31,,GREEN,Review PO-4500050008 line 1 with Apex Bar & Tube Co..,['/workspace/data/confirmations/apex_04.pdf'],['1000.0 on 05/28/2026 [apex_04.pdf]'],False,False,[]
PO-4500050008,2.0,V001,Apex Bar & Tube Co.,orders@apexbar.com,BAR-TI64-188,BAR-TI64-188,"Ti-6Al-4V bar stock, 0.188 dia",1000,1000.0,0.0,22.5,USD,22.5000,USD,1.0,22.500000,0.000000,0.00000,0.00,True,2026-05-28,PROMISE_DATE,2026-05-28,2026-05-28,05/28/2026,2026-05-28,0.0,0.0,0.0,EXACT_CUSTOMER_PN,0.99,Customer PN BAR-TI64-188 matches Beacon BAR-TI64-188,/workspace/data/confirmations/apex_04.pdf,APX-737955,2026-05-07,ACTIVE,ACKNOWLEDGEMENT,b109ebc6b485ea45c1042bde20d13cf55959dcf0e1471b15de3c421e83a22c31,,GREEN,Review PO-4500050008 line 2 with Apex Bar & Tube Co..,['/workspace/data/confirmations/apex_04.pdf'],['1000.0 on 05/28/2026 [apex_04.pdf]'],False,False,[]
PO-4500050009,1.0,V002,Heritage Cold Heading,sales@heritagecoldheading.com,CHB-9472-3,APH-441,Cold-headed blank for HX-9472-3,50000,50000.0,0.0,0.84,USD,0.8400,USD,1.0,0.840000,0.000000,0.0000,0.00,True,2026-06-08,PROMISE_DATE,2026-06-08,2026-06-08,06/08/2026,2026-06-08,0.0,0.0,0.0,APPROVED_VENDOR_CROSSWALK,0.92,Approved crosswalk APH-441 ? CHB-9472-3,/workspace/data/confirmations/heritage_01.pdf,HCH-75140,2026-05-03,ACTIVE,ACKNOWLEDGEMENT,955c6553efee001e738813cf87a511181d98f0337cb36b92217861dc95b7f828,,GREEN,Review PO-4500050009 line 1 with Heritage Cold Heading.,['/workspace/data/confirmations/heritage_01.pdf'],['50000.0 on 06/08/2026 [heritage_01.pdf]'],False,False,[]
PO-4500050010,1.0,V002,Heritage Cold Heading,sales@heritagecoldheading.com,CHB-7715,CHB-7715,Cold-headed blank for CSK-7715,25000,25000.0,0.0,0.62,USD,0.6200,USD,1.0,0.620000,0.000000,0.0000,0.00,True,2026-06-23,PROMISE_DATE,2026-06-23,2026-06-23,06/23/2026,2026-06-23,0.0,0.0,0.0,EXACT_VENDOR_PN_TO_BEACON_PN,0.9,Vendor PN CHB-7715 equals Beacon PN on this PO,/workspace/data/confirmations/heritage_04.pdf,HCH-77215,2026-05-12,ACTIVE,ACKNOWLEDGEMENT,da7824243c72603ea063818a8da0fa7d53ef4720212237ffbd6ca17d316ac2c4,,GREEN,Review PO-4500050010 line 1 with Heritage Cold Heading.,['/workspace/data/confirmations/heritage_04.pdf'],['25000.0 on 06/23/2026 [heritage_04.pdf]'],False,False,[]
PO-4500050011,1.0,V002,Heritage Cold Heading,sales@heritagecoldheading.com,CHB-9472-3,APH-441,Cold-headed blank for HX-9472-3,5000,5000.0,0.0,0.84,USD,0.8400,USD,1.0,0.840000,0.000000,0.0000,0.00,True,2026-06-04,PROMISE_DATE,2026-06-04,2026-06-04,06/04/2026,2026-06-04,0.0,0.0,0.0,APPROVED_VENDOR_CROSSWALK,0.92,Approved crosswalk APH-441 ? CHB-9472-3,/workspace/data/confirmations/heritage_07.pdf,HCH-72939,2026-05-10,ACTIVE,ACKNOWLEDGEMENT,22e8e11993b9f69779fefe32ae13d1a478fc8bbccf2d887ca641687a208912c6,,GREEN,Review PO-4500050011 line 1 with Heritage Cold Heading.,['/workspace/data/confirmations/heritage_07.pdf'],['5000.0 on 06/04/2026 [heritage_07.pdf]'],False,False,[]
PO-4500050011,2.0,V002,Heritage Cold Heading,sales@heritagecoldheading.com,CHB-3301,CHB-3301,Cold-headed blank for NUT-3301-N,25000,25000.0,0.0,0.41,USD,0.4100,USD,1.0,0.410000,0.000000,0.0000,0.00,True,2026-06-04,PROMISE_DATE,2026-06-04,2026-06-04,06/04/2026,2026-06-04,0.0,0.0,0.0,EXACT_VENDOR_PN_TO_BEACON_PN,0.9,Vendor PN CHB-3301 equals Beacon PN on this PO,/workspace/data/confirmations/heritage_07.pdf,HCH-72939,2026-05-10,ACTIVE,ACKNOWLEDGEMENT,22e8e11993b9f69779fefe32ae13d1a478fc8bbccf2d887ca641687a208912c6,,GREEN,Review PO-4500050011 line 2 with Heritage Cold Heading.,['/workspace/data/confirmations/heritage_07.pdf'],['25000.0 on 06/04/2026 [heritage_07.pdf]'],False,False,[]
PO-4500050011,3.0,V002,Heritage Cold Heading,sales@heritagecoldheading.com,CHB-7715,CHB-7715,Cold-headed blank for CSK-7715,25000,25000.0,0.0,0.62,USD,0.6200,USD,1.0,0.620000,0.000000,0.0000,0.00,True,2026-06-04,PROMISE_DATE,2026-06-04,2026-06-04,06/04/2026,2026-06-04,0.0,0.0,0.0,EXACT_VENDOR_PN_TO_BEACON_PN,0.9,Vendor PN CHB-7715 equals Beacon PN on this PO,/workspace/data/confirmations/heritage_07.pdf,HCH-72939,2026-05-10,ACTIVE,ACKNOWLEDGEMENT,22e8e11993b9f69779fefe32ae13d1a478fc8bbccf2d887ca641687a208912c6,,GREEN,Review PO-4500050011 line 3 with Heritage Cold Heading.,['/workspace/data/confirmations/heritage_07.pdf'],['25000.0 on 06/04/2026 [heritage_07.pdf]'],False,False,[]
PO-4500050013,1.0,V002,Heritage Cold Heading,sales@heritagecoldheading.com,CHB-7715,CHB-7715,Cold-headed blank for CSK-7715,25000,25000.0,0.0,0.62,USD,0.6200,USD,1.0,0.620000,0.000000,0.0000,0.00,True,2026-05-18,PROMISE_DATE,2026-05-18,2026-05-18,05/18/2026,2026-05-18,0.0,0.0,0.0,EXACT_VENDOR_PN_TO_BEACON_PN,0.9,Vendor PN CHB-7715 equals Beacon PN on this PO,/workspace/data/confirmations/heritage_03.pdf,HCH-77346,2026-05-08,ACTIVE,ACKNOWLEDGEMENT,5c96fdc23f2bd1b01c034d4b7f284534ec7e7490f46e845f6ba3774a81c53a27,,GREEN,Review PO-4500050013 line 1 with Heritage Cold Heading.,['/workspace/data/confirmations/heritage_03.pdf'],['25000.0 on 05/18/2026 [heritage_03.pdf]'],False,False,[]
PO-4500050013,2.0,V002,Heritage Cold Heading,sales@heritagecoldheading.com,CHB-9472-3,APH-441,Cold-headed blank for HX-9472-3,5000,5000.0,0.0,0.84,USD,0.8400,USD,1.0,0.840000,0.000000,0.0000,0.00,True,2026-05-18,PROMISE_DATE,2026-05-18,2026-05-18,05/18/2026,2026-05-18,0.0,0.0,0.0,APPROVED_VENDOR_CROSSWALK,0.92,Approved crosswalk APH-441 ? CHB-9472-3,/workspace/data/confirmations/heritage_03.pdf,HCH-77346,2026-05-08,ACTIVE,ACKNOWLEDGEMENT,5c96fdc23f2bd1b01c034d4b7f284534ec7e7490f46e845f6ba3774a81c53a27,,GREEN,Review PO-4500050013 line 2 with Heritage Cold Heading.,['/workspace/data/confirmations/heritage_03.pdf'],['5000.0 on 05/18/2026 [heritage_03.pdf]'],False,False,[]
PO-4500050014,1.0,V002,Heritage Cold Heading,sales@heritagecoldheading.com,CHB-9472-3,APH-441,Cold-headed blank for HX-9472-3,25000,25000.0,0.0,0.84,USD,0.8400,USD,1.0,0.840000,0.000000,0.0000,0.00,True,2026-06-07,PROMISE_DATE,2026-06-07,2026-06-07,06/07/2026,2026-06-07,0.0,0.0,0.0,APPROVED_VENDOR_CROSSWALK,0.92,Approved crosswalk APH-441 ? CHB-9472-3,/workspace/data/confirmations/heritage_05.pdf,HCH-78781,2026-05-02,ACTIVE,ACKNOWLEDGEMENT,0f0f0358478e1daa46f45958ed380d0a6d96e6e76c98d4e5648ddfbe30e384bd,,GREEN,Review PO-4500050014 line 1 with Heritage Cold Heading.,['/workspace/data/confirmations/heritage_05.pdf'],['25000.0 on 06/07/2026 [heritage_05.pdf]'],False,False,[]
PO-4500050014,2.0,V002,Heritage Cold Heading,sales@heritagecoldheading.com,CHB-3301,CHB-3301,Cold-headed blank for NUT-3301-N,25000,25000.0,0.0,0.41,USD,0.4100,USD,1.0,0.410000,0.000000,0.0000,0.00,True,2026-06-07,PROMISE_DATE,2026-06-07,2026-06-07,06/07/2026,2026-06-07,0.0,0.0,0.0,EXACT_VENDOR_PN_TO_BEACON_PN,0.9,Vendor PN CHB-3301 equals Beacon PN on this PO,/workspace/data/confirmations/heritage_05.pdf,HCH-78781,2026-05-02,ACTIVE,ACKNOWLEDGEMENT,0f0f0358478e1daa46f45958ed380d0a6d96e6e76c98d4e5648ddfbe30e384bd,,GREEN,Review PO-4500050014 line 2 with Heritage Cold Heading.,['/workspace/data/confirmations/heritage_05.pdf'],['25000.0 on 06/07/2026 [heritage_05.pdf]'],False,False,[]
PO-4500050014,3.0,V002,Heritage Cold Heading,sales@heritagecoldheading.com,CHB-7715,CHB-7715,Cold-headed blank for CSK-7715,10000,10000.0,0.0,0.62,USD,0.6200,USD,1.0,0.620000,0.000000,0.0000,0.00,True,2026-06-07,PROMISE_DATE,2026-06-07,2026-06-07,06/07/2026,2026-06-07,0.0,0.0,0.0,EXACT_VENDOR_PN_TO_BEACON_PN,0.9,Vendor PN CHB-7715 equals Beacon PN on this PO,/workspace/data/confirmations/heritage_05.pdf,HCH-78781,2026-05-02,ACTIVE,ACKNOWLEDGEMENT,0f0f0358478e1daa46f45958ed380d0a6d96e6e76c98d4e5648ddfbe30e384bd,,GREEN,Review PO-4500050014 line 3 with Heritage Cold Heading.,['/workspace/data/confirmations/heritage_05.pdf'],['10000.0 on 06/07/2026 [heritage_05.pdf]'],False,False,[]
PO-4500050015,1.0,V002,Heritage Cold Heading,sales@heritagecoldheading.com,CHB-9472-4,APH-441-OS,Cold-headed blank for HX-9472-4,25000,25000.0,0.0,0.86,USD,0.8600,USD,1.0,0.860000,0.000000,0.0000,0.00,True,2026-06-17,PROMISE_DATE,2026-06-17,2026-06-17,06/17/2026,2026-06-17,0.0,0.0,0.0,RULE_BASED,0.8,"Rule-based: price matches, quantity matches, line number matches",/workspace/data/confirmations/heritage_02.pdf,HCH-75668,2026-05-13,ACTIVE,ACKNOWLEDGEMENT,803cca7204dd76ada404099c51fd6db9681f086aeae8107ae8064e0f59346e32,,GREEN,Review PO-4500050015 line 1 with Heritage Cold Heading.,['/workspace/data/confirmations/heritage_02.pdf'],['25000.0 on 06/17/2026 [heritage_02.pdf]'],False,False,[]
PO-4500050015,2.0,V002,Heritage Cold Heading,sales@heritagecoldheading.com,CHB-7715,CHB-7715,Cold-headed blank for CSK-7715,25000,25000.0,0.0,0.62,USD,0.6200,USD,1.0,0.620000,0.000000,0.0000,0.00,True,2026-06-17,PROMISE_DATE,2026-06-17,2026-06-17,06/17/2026,2026-06-17,0.0,0.0,0.0,EXACT_VENDOR_PN_TO_BEACON_PN,0.9,Vendor PN CHB-7715 equals Beacon PN on this PO,/workspace/data/confirmations/heritage_02.pdf,HCH-75668,2026-05-13,ACTIVE,ACKNOWLEDGEMENT,803cca7204dd76ada404099c51fd6db9681f086aeae8107ae8064e0f59346e32,,GREEN,Review PO-4500050015 line 2 with Heritage Cold Heading.,['/workspace/data/confirmations/heritage_02.pdf'],['25000.0 on 06/17/2026 [heritage_02.pdf]'],False,False,[]
PO-4500050015,3.0,V002,Heritage Cold Heading,sales@heritagecoldheading.com,CHB-9472-3,APH-441,Cold-headed blank for HX-9472-3,5000,5000.0,0.0,0.84,USD,0.8400,USD,1.0,0.840000,0.000000,0.0000,0.00,True,2026-06-17,PROMISE_DATE,2026-06-17,2026-06-17,06/17/2026,2026-06-17,0.0,0.0,0.0,APPROVED_VENDOR_CROSSWALK,0.92,Approved crosswalk APH-441 ? CHB-9472-3,/workspace/data/confirmations/heritage_02.pdf,HCH-75668,2026-05-13,ACTIVE,ACKNOWLEDGEMENT,803cca7204dd76ada404099c51fd6db9681f086aeae8107ae8064e0f59346e32,,GREEN,Review PO-4500050015 line 3 with Heritage Cold Heading.,['/workspace/data/confirmations/heritage_02.pdf'],['5000.0 on 06/17/2026 [heritage_02.pdf]'],False,False,[]
